freq_GHz,S21_dB,S31_dB
1.000000000000000048e-04,-8.422656881300000009e+01,-7.678766691699999569e+01
2.011991992000000326e-02,-8.494225962999999524e+01,-9.845419918199999643e+01
4.013983984000000366e-02,-1.014543999299999939e+02,-9.681186196999999538e+01
6.015975976000000058e-02,-8.922145472799999766e+01,-9.786068991199999800e+01
8.017967968000000445e-02,-9.667248103500000411e+01,-1.022641979800000058e+02
1.001995995999999944e-01,-9.362031513399999483e+01,-1.007291868700000066e+02
1.202195195199999983e-01,-1.001551659000000001e+02,-9.013509602800000664e+01
1.402394394400000022e-01,-9.113176089399999569e+01,-1.056617309199999966e+02
1.602593593600000199e-01,-9.227363442099999702e+01,-1.000483654800000011e+02
1.802792792800000099e-01,-9.949157193300000301e+01,-9.633469109199999991e+01
2.002991991999999999e-01,-1.066364003500000024e+02,-1.059347945699999940e+02
2.203191191200000176e-01,-9.633321573199999932e+01,-9.179795520899999417e+01
2.403390390399999799e-01,-8.940757143800000506e+01,-9.683281813899999690e+01
2.603589589599999976e-01,-9.351243481100000565e+01,-9.269847902499999748e+01
2.803788788800000154e-01,-8.608597248799999591e+01,-9.477917128699999694e+01
3.003987988000000331e-01,-1.033544951399999974e+02,-9.241766229300000646e+01
3.204187187200000508e-01,-8.978449638099999675e+01,-9.229843201799999974e+01
3.404386386400000131e-01,-9.103269332499999678e+01,-9.369806737199999702e+01
3.604585585599999753e-01,-9.425413860700000157e+01,-1.144450354800000014e+02
3.804784784799999930e-01,-9.254449334500000646e+01,-1.067659213099999960e+02
4.004983983999999553e-01,-8.683216671899999994e+01,-8.760253762899999685e+01
4.205183183199999730e-01,-8.723755406700000492e+01,-8.299206499100000656e+01
4.405382382399999908e-01,-9.179488150699999949e+01,-8.526791236900000115e+01
4.605581581600000085e-01,-8.684959470799999792e+01,-9.390487492399999780e+01
4.805780780799999707e-01,-1.000640066400000023e+02,-8.930746412599999928e+01
5.005979980000000440e-01,-9.108016693899999439e+01,-9.802133610799999985e+01
5.206179179200000062e-01,-8.793502153400000054e+01,-8.913115508399999953e+01
5.406378378400000795e-01,-8.421470177199999796e+01,-8.512235288300000491e+01
5.606577577600000417e-01,-8.999442079899999669e+01,-8.374944128299999591e+01
5.806776776799998929e-01,-8.075676838900000121e+01,-8.198973147799999595e+01
6.006975976000000772e-01,-8.744434932299999730e+01,-8.236176235000000645e+01
6.207175175199999284e-01,-8.976126456900000505e+01,-7.769957607599999960e+01
6.407374374400001127e-01,-8.376364673499999469e+01,-7.721762698199999875e+01
6.607573573599999639e-01,-7.966294116999999630e+01,-7.644746773299999631e+01
6.807772772799999261e-01,-8.218340994300000091e+01,-6.929811384100000282e+01
7.007971971999999994e-01,-8.299811862399999995e+01,-6.739376549799999339e+01
7.208171171199999616e-01,-7.435236336399999857e+01,-6.904246582800000454e+01
7.408370370399999238e-01,-7.760063594999999737e+01,-6.983096564199999534e+01
7.608569569599999971e-01,-7.612139576100000227e+01,-6.672667369299999507e+01
7.808768768799999593e-01,-7.218084998300000166e+01,-6.417515728499999739e+01
8.008967967999999216e-01,-6.395012197500000184e+01,-6.383909304400000195e+01
8.209167167199999948e-01,-6.245014859399999807e+01,-5.975780614699999660e+01
8.409366366399999571e-01,-5.994622638199999898e+01,-5.911277076900000083e+01
8.609565565599999193e-01,-5.716280578899999654e+01,-5.876017193300000230e+01
8.809764764799999925e-01,-5.814660732800000176e+01,-5.984304271399999919e+01
9.009963963999999548e-01,-5.930633593499999989e+01,-6.178835720899999728e+01
9.210163163200000280e-01,-6.173942683100000295e+01,-6.621309448799999586e+01
9.410362362399999903e-01,-6.077442604200000176e+01,-6.818724209900000233e+01
9.610561561599999525e-01,-6.052926272500000238e+01,-7.064285746100000551e+01
9.810760760800000257e-01,-6.064413804000000141e+01,-6.841206211700000495e+01
1.001095996000000099e+00,-6.084288454400000035e+01,-6.991510838899999669e+01
1.021115915900000060e+00,-6.307851518500000054e+01,-6.546453711799999553e+01
1.041135835800000020e+00,-6.420089174100000662e+01,-6.684611260299999458e+01
1.061155755799999989e+00,-6.399487513500000091e+01,-6.417384810999999445e+01
1.081175675699999950e+00,-6.497960966799999483e+01,-6.629370214200000078e+01
1.101195595599999910e+00,-6.578706745399999534e+01,-6.374381386499999991e+01
1.121215515500000093e+00,-6.391771398899999923e+01,-6.293814209199999965e+01
1.141235435400000053e+00,-6.738931828500000165e+01,-6.528017291199999761e+01
1.161255355400000022e+00,-6.356237081700000147e+01,-6.554328815899999938e+01
1.181275275299999983e+00,-6.251530329199999869e+01,-6.564849845300000197e+01
1.201295195199999943e+00,-6.154940509600000098e+01,-6.592914308500000686e+01
1.221315115099999904e+00,-6.590880943599999853e+01,-6.852157372300000304e+01
1.241335035000000087e+00,-6.391306064500000161e+01,-7.005288491000000306e+01
1.261354955000000055e+00,-6.466272322400000405e+01,-6.686126715999999703e+01
1.281374874900000016e+00,-6.124036884499999900e+01,-8.287747055500000215e+01
1.301394794799999977e+00,-5.637302835700000259e+01,-7.568537202599999603e+01
1.321414714699999937e+00,-5.368377284999999688e+01,-6.202114178099999720e+01
1.341434634599999898e+00,-5.191272239100000263e+01,-5.871200283799999653e+01
1.361454554599999867e+00,-5.140639148199999653e+01,-5.556132058000000029e+01
1.381474474500000049e+00,-5.071766817299999985e+01,-5.256967536599999846e+01
1.401494394400000010e+00,-5.038878235399999994e+01,-5.306289548000000167e+01
1.421514314299999970e+00,-5.227396927499999890e+01,-5.272517315999999710e+01
1.441534234200000153e+00,-5.274150937499999969e+01,-5.155313261399999902e+01
1.461554154200000122e+00,-5.194884315299999855e+01,-5.054673121999999807e+01
1.481574074099999860e+00,-5.140982435400000128e+01,-4.985552509699999746e+01
1.501593994000000043e+00,-5.016074683699999781e+01,-5.000872633600000228e+01
1.521613913900000004e+00,-4.715179151899999965e+01,-4.845788485199999940e+01
1.541633833799999964e+00,-4.667277574599999923e+01,-5.056406647699999723e+01
1.561653753799999933e+00,-4.655795579499999803e+01,-5.524182597099999725e+01
1.581673673700000116e+00,-4.840487387400000330e+01,-4.854688230000000004e+01
1.601693593599999854e+00,-4.827249445700000052e+01,-4.859273790700000006e+01
1.621713513500000037e+00,-4.697392994300000169e+01,-4.892909906999999947e+01
1.641733433399999997e+00,-4.792216941200000235e+01,-4.481289335200000323e+01
1.661753353400000188e+00,-4.714536566000000306e+01,-4.612446928699999660e+01
1.681773273299999927e+00,-5.208559913700000266e+01,-4.744578857300000152e+01
1.701793193200000109e+00,-4.930235983499999719e+01,-4.840922267500000231e+01
1.721813113099999848e+00,-4.505193953700000264e+01,-4.856299217099999765e+01
1.741833033000000031e+00,-4.517275893099999706e+01,-5.081604726700000185e+01
1.761852952999999999e+00,-4.628758940000000166e+01,-6.114990459599999895e+01
1.781872872900000182e+00,-4.678991377399999863e+01,-5.958748798599999930e+01
1.801892792799999921e+00,-4.648976636799999795e+01,-5.996481271199999696e+01
1.821912712700000103e+00,-4.656345881499999706e+01,-5.804569236799999743e+01
1.841932632599999842e+00,-4.704007272900000203e+01,-5.895395230999999825e+01
1.861952552599999811e+00,-4.877152934800000139e+01,-5.951323708500000009e+01
1.881972472499999993e+00,-4.944766019600000106e+01,-6.803775755799999558e+01
1.901992392400000176e+00,-5.178268978199999850e+01,-5.985917846299999923e+01
1.922012312299999914e+00,-5.102190350299999722e+01,-5.912909058599999668e+01
1.942032232200000097e+00,-5.216782237500000008e+01,-6.502727050500000416e+01
1.962052152200000066e+00,-5.429773094099999753e+01,-5.461722734300000326e+01
1.982072072099999804e+00,-6.090494296399999996e+01,-5.287523841600000196e+01
2.002091991999999987e+00,-6.236067819099999809e+01,-5.502733799699999651e+01
2.022111911900000170e+00,-5.517982759699999917e+01,-5.396382775000000009e+01
2.042131831799999908e+00,-5.257403331599999774e+01,-5.400423924599999737e+01
2.062151751800000099e+00,-5.135251465599999676e+01,-5.433553262000000217e+01
2.082171671699999838e+00,-5.000191785700000224e+01,-5.231442026300000236e+01
2.102191591600000020e+00,-4.651055369000000184e+01,-4.979094962799999990e+01
2.122211511500000203e+00,-4.477239552000000344e+01,-4.914413397700000274e+01
2.142231431399999941e+00,-4.427220243099999664e+01,-4.908714338299999724e+01
2.162251351400000132e+00,-4.315296013300000055e+01,-4.649080273100000227e+01
2.182271271300000315e+00,-4.191709811599999824e+01,-4.615006817999999811e+01
2.202291191199999609e+00,-4.099669300299999719e+01,-4.595951335800000237e+01
2.222311111099999792e+00,-3.955675287900000114e+01,-4.655738711499999738e+01
2.242331030999999975e+00,-3.964697634699999895e+01,-4.772931606600000265e+01
2.262350951000000165e+00,-4.056906682000000330e+01,-4.754894668400000057e+01
2.282370870899999904e+00,-4.085492802800000334e+01,-4.654804539900000293e+01
2.302390790800000087e+00,-4.070014314899999874e+01,-4.534903918199999850e+01
2.322410710699999825e+00,-4.079867180499999790e+01,-4.501910711099999673e+01
2.342430630600000008e+00,-4.102760076599999906e+01,-4.443937136400000298e+01
2.362450550599999755e+00,-4.091415249799999998e+01,-4.336265119000000112e+01
2.382470470499999937e+00,-4.201817478899999969e+01,-4.323596227200000186e+01
2.402490390400000120e+00,-4.310001387900000225e+01,-4.261507014000000026e+01
2.422510310300000302e+00,-4.450193192999999781e+01,-4.275368936800000341e+01
2.442530230199999597e+00,-4.692391382099999930e+01,-4.309997310100000334e+01
2.462550150199999788e+00,-4.790213409399999733e+01,-4.370498384900000133e+01
2.482570070099999970e+00,-4.955514101800000049e+01,-4.570481263799999994e+01
2.502589990000000153e+00,-5.010269975399999964e+01,-4.700088062799999733e+01
2.522609909899999892e+00,-4.771520747900000003e+01,-4.798105362799999796e+01
2.542629829800000074e+00,-4.782111261099999666e+01,-5.000185922000000005e+01
2.562649749699999813e+00,-5.125253501299999925e+01,-5.113106532700000173e+01
2.582669669700000004e+00,-5.534431923100000006e+01,-5.422873469599999652e+01
2.602689589599999742e+00,-5.543457200900000004e+01,-6.031908716800000292e+01
2.622709509499999925e+00,-5.339005868699999979e+01,-6.983795034800000678e+01
2.642729429400000107e+00,-5.055611326999999733e+01,-6.645647477800000047e+01
2.662749349300000290e+00,-4.798387293100000051e+01,-6.479209384899999691e+01
2.682769269300000037e+00,-4.659284453000000070e+01,-6.433311720400000411e+01
2.702789189199999775e+00,-4.588783051400000090e+01,-5.899717794499999712e+01
2.722809109099999958e+00,-4.436028641800000116e+01,-5.692148466300000109e+01
2.742829029000000141e+00,-4.432546102799999943e+01,-5.442888880999999657e+01
2.762848948899999879e+00,-4.383957853599999765e+01,-5.298427110600000134e+01
2.782868868900000070e+00,-4.364462503499999713e+01,-5.244215261299999753e+01
2.802888788800000253e+00,-4.302301907599999709e+01,-5.117253684199999952e+01
2.822908708699999991e+00,-4.253165983800000305e+01,-5.006484619300000105e+01
2.842928628599999730e+00,-4.287302120399999694e+01,-4.920840709499999832e+01
2.862948548499999912e+00,-4.224041621300000315e+01,-4.907565171800000314e+01
2.882968468500000103e+00,-4.225249525600000311e+01,-5.000418353300000263e+01
2.902988388400000286e+00,-4.189688793399999867e+01,-4.950080015500000030e+01
2.923008308300000024e+00,-4.193227783199999692e+01,-4.961384796499999794e+01
2.943028228199999763e+00,-4.278762159000000054e+01,-4.954329249300000271e+01
2.963048148099999946e+00,-4.190702806899999899e+01,-4.984981310399999899e+01
2.983068068099999692e+00,-4.146391797900000142e+01,-5.132239662300000305e+01
3.003087987999999875e+00,-4.055630942999999888e+01,-5.387803705099999974e+01
3.023107907900000058e+00,-4.026718260399999849e+01,-5.623038640400000077e+01
3.043127827800000240e+00,-4.015566743499999802e+01,-5.578166098700000219e+01
3.063147747699999979e+00,-3.993046022299999720e+01,-5.967506702200000035e+01
3.083167667699999726e+00,-4.032946171500000077e+01,-6.556156429899999694e+01
3.103187587599999908e+00,-4.056146163900000090e+01,-5.909967797699999892e+01
3.123207507500000091e+00,-4.107123360700000347e+01,-5.629869921000000232e+01
3.143227427400000273e+00,-4.167836849599999738e+01,-6.921886810200000184e+01
3.163247347300000012e+00,-4.208468898699999983e+01,-5.995402591900000289e+01
3.183267267300000203e+00,-4.250550082899999893e+01,-5.689379488800000217e+01
3.203287187199999941e+00,-4.331891675100000327e+01,-5.225350015699999773e+01
3.223307107100000124e+00,-4.412589578000000046e+01,-5.222219440899999654e+01
3.243327026999999863e+00,-4.349049301000000156e+01,-5.303320104899999876e+01
3.263346946900000045e+00,-4.338331990199999666e+01,-5.125043830999999983e+01
3.283366866900000236e+00,-4.293081900899999681e+01,-4.954860956099999925e+01
3.303386786799999975e+00,-4.318642961900000188e+01,-4.859499098700000275e+01
3.323406706699999713e+00,-4.307117906999999946e+01,-4.833845321799999795e+01
3.343426626599999896e+00,-4.280131488499999648e+01,-4.816358171400000288e+01
3.363446546500000078e+00,-4.275347906100000017e+01,-4.761635841700000071e+01
3.383466466499999825e+00,-4.252165674900000170e+01,-4.750150608799999929e+01
3.403486386400000008e+00,-4.206895354200000270e+01,-4.693452044299999670e+01
3.423506306300000190e+00,-4.242855709100000183e+01,-4.764082896899999753e+01
3.443526226199999929e+00,-4.346837861200000219e+01,-4.765018726099999924e+01
3.463546146100000112e+00,-4.415068468999999851e+01,-4.908522300199999933e+01
3.483566066099999858e+00,-4.450169477200000046e+01,-4.845440264599999836e+01
3.503585986000000041e+00,-4.558702461499999714e+01,-5.039488427700000273e+01
3.523605905900000224e+00,-4.698331630999999931e+01,-5.278302442700000086e+01
3.543625825800000406e+00,-4.756693140899999861e+01,-5.574609362300000015e+01
3.563645745699999701e+00,-4.714233863399999791e+01,-5.522563719000000049e+01
3.583665665699999892e+00,-4.662845338000000339e+01,-5.565241599200000167e+01
3.603685585600000074e+00,-4.513557054900000054e+01,-6.008861975599999994e+01
3.623705505499999813e+00,-4.427416531899999796e+01,-6.085759143399999971e+01
3.643725425399999995e+00,-4.420658584099999899e+01,-5.367343453099999806e+01
3.663745345300000178e+00,-4.400125823700000183e+01,-5.179901753699999745e+01
3.683765265300000369e+00,-4.356619597400000288e+01,-5.464388140399999827e+01
3.703785185199999663e+00,-4.263533048099999689e+01,-5.429438783900000232e+01
3.723805105099999846e+00,-4.208719583300000266e+01,-5.321981046300000173e+01
3.743825025000000029e+00,-4.148463256000000143e+01,-5.087487385600000067e+01
3.763844944900000211e+00,-4.130912772399999966e+01,-5.434877290499999702e+01
3.783864864899999958e+00,-4.094780203900000259e+01,-5.732770851299999748e+01
3.803884784800000141e+00,-4.079890768199999940e+01,-5.854042396100000190e+01
3.823904704699999879e+00,-4.043325756699999829e+01,-5.671833395400000200e+01
3.843924624600000062e+00,-4.008223834300000021e+01,-5.873557732999999814e+01
3.863944544499999800e+00,-3.942423751399999787e+01,-6.957247531999999524e+01
3.883964464499999991e+00,-3.920740092500000173e+01,-5.747428778799999805e+01
3.903984384400000174e+00,-3.905440299499999668e+01,-6.027981924699999894e+01
3.924004304300000356e+00,-3.895618887399999863e+01,-5.924301740500000335e+01
3.944024224199999651e+00,-3.858635260500000186e+01,-6.282869302200000305e+01
3.964044144099999833e+00,-3.863935482099999774e+01,-5.837831424899999888e+01
3.984064064100000024e+00,-3.860022969199999920e+01,-5.488688540399999738e+01
4.004083984000000207e+00,-3.880539284999999694e+01,-5.561748741099999904e+01
4.024103903900000390e+00,-3.881512528500000059e+01,-5.538282823099999774e+01
4.044123823800000572e+00,-3.883678967200000187e+01,-5.650770772300000289e+01
4.064143743699999867e+00,-3.875689629600000075e+01,-5.612828521699999840e+01
4.084163663700000058e+00,-3.859353637400000281e+01,-5.449488642800000093e+01
4.104183583600000240e+00,-3.846497990099999953e+01,-5.574922700700000178e+01
4.124203503500000423e+00,-3.856210183400000346e+01,-5.320782417400000242e+01
4.144223423399999717e+00,-3.847697904599999674e+01,-5.233278349900000137e+01
4.164243343299999900e+00,-3.853375575799999808e+01,-5.159141859300000021e+01
4.184263263300000091e+00,-3.846069457499999800e+01,-5.202443129800000321e+01
4.204283183199999385e+00,-3.851577273299999860e+01,-5.378948212600000289e+01
4.224303103099999568e+00,-3.850429986000000326e+01,-5.442780752000000177e+01
4.244323022999999750e+00,-3.886148378499999723e+01,-5.219388747200000012e+01
4.264342942899999933e+00,-3.864342876999999987e+01,-5.058973668699999848e+01
4.284362862900000124e+00,-3.845798213300000157e+01,-5.283159147300000313e+01
4.304382782800000307e+00,-3.858151280900000302e+01,-5.207245887599999890e+01
4.324402702699999601e+00,-3.877448313800000079e+01,-5.100890498500000092e+01
4.344422622600000672e+00,-3.878352627499999983e+01,-5.064257403700000282e+01
4.364442542499999966e+00,-3.899923255699999913e+01,-5.070726287099999752e+01
4.384462462500000157e+00,-3.915014219399999718e+01,-4.919767954999999660e+01
4.404482382399999452e+00,-3.900175066900000331e+01,-4.944973777799999937e+01
4.424502302300000522e+00,-3.889021619300000054e+01,-5.055240032100000036e+01
4.444522222199999817e+00,-3.882681994299999673e+01,-4.946473861700000185e+01
4.464542142100000000e+00,-3.886919341699999819e+01,-4.898780495900000176e+01
4.484562062100000190e+00,-3.904842542299999764e+01,-4.949443127199999992e+01
4.504581982000000373e+00,-3.878964876300000242e+01,-5.174399125099999708e+01
4.524601901899999667e+00,-3.868548123699999763e+01,-5.037724943300000291e+01
4.544621821799999850e+00,-3.836513632599999823e+01,-4.815741272300000020e+01
4.564641741700000033e+00,-3.798450172399999758e+01,-4.991154114799999775e+01
4.584661661700000224e+00,-3.755365301199999806e+01,-5.379377981199999681e+01
4.604681581600000406e+00,-3.711644817300000199e+01,-5.276635253599999942e+01
4.624701501499999701e+00,-3.674609283800000270e+01,-5.185495576400000317e+01
4.644721421399999883e+00,-3.632054664900000063e+01,-5.231417577999999935e+01
4.664741341300000066e+00,-3.592100562000000252e+01,-6.079708516600000223e+01
4.684761261300000257e+00,-3.545720933799999841e+01,-5.420689202199999812e+01
4.704781181199999551e+00,-3.485565880800000116e+01,-5.123393101599999966e+01
4.724801101100000622e+00,-3.434011107599999946e+01,-5.209250287300000082e+01
4.744821020999999917e+00,-3.393515066500000188e+01,-5.601533252000000118e+01
4.764840940899999211e+00,-3.348963407000000103e+01,-5.471386267399999781e+01
4.784860860899999402e+00,-3.294741966099999786e+01,-5.094964827900000159e+01
4.804880780800000473e+00,-3.246961884400000287e+01,-5.143895301500000272e+01
4.824900700699999767e+00,-3.200617823999999700e+01,-5.346438640299999889e+01
4.844920620599999950e+00,-3.160888871799999933e+01,-5.341814813900000303e+01
4.864940540500000132e+00,-3.118423049700000149e+01,-5.324486521600000088e+01
4.884960460500000323e+00,-3.075144409099999976e+01,-5.138794232699999753e+01
4.904980380399999618e+00,-3.031723682899999872e+01,-5.358250312199999854e+01
4.925000300299999800e+00,-3.010299024200000062e+01,-5.594088990899999914e+01
4.945020220199999983e+00,-2.995774291700000092e+01,-5.912666035000000164e+01
4.965040140100000166e+00,-2.964620150700000067e+01,-5.719244753200000275e+01
4.985060060100000356e+00,-2.926006215199999971e+01,-6.040594509000000301e+01
5.005079979999999651e+00,-2.890671947699999933e+01,-5.817817211999999927e+01
5.025099899899999834e+00,-2.856818472699999845e+01,-5.908784966200000355e+01
5.045119819800000016e+00,-2.825708135500000040e+01,-5.818617314299999776e+01
5.065139739700000199e+00,-2.800570797700000014e+01,-6.253859491000000048e+01
5.085159659699999501e+00,-2.788035351599999956e+01,-6.421044375200000331e+01
5.105179579600000572e+00,-2.767855203799999941e+01,-6.657503153700000098e+01
5.125199499499999867e+00,-2.747612695799999827e+01,-6.721813584199999525e+01
5.145219419400000049e+00,-2.714489530199999834e+01,-6.597399008399999332e+01
5.165239339300000232e+00,-2.697927053600000136e+01,-7.578232148399999346e+01
5.185259259300000423e+00,-2.683807717799999892e+01,-6.891763020199999801e+01
5.205279179199999717e+00,-2.658801334400000016e+01,-6.773107185400000674e+01
5.225299099100000788e+00,-2.634386401800000144e+01,-7.241505327400000169e+01
5.245319019000000083e+00,-2.619693769799999927e+01,-6.106692696999999725e+01
5.265338938899999377e+00,-2.607412769999999824e+01,-5.933280928799999998e+01
5.285358858899999568e+00,-2.590598921799999843e+01,-6.155201246899999745e+01
5.305378778799999751e+00,-2.578906007599999839e+01,-5.756126129500000133e+01
5.325398698699999933e+00,-2.571223717000000164e+01,-5.432055143400000219e+01
5.345418618600000116e+00,-2.564405113700000172e+01,-5.582403087400000175e+01
5.365438538500000298e+00,-2.560696052200000139e+01,-5.301494631300000293e+01
5.385458458499999601e+00,-2.564353583999999842e+01,-5.077531015999999653e+01
5.405478378399999784e+00,-2.576534071700000084e+01,-5.063949383500000323e+01
5.425498298299999966e+00,-2.590924456200000137e+01,-5.058189494199999814e+01
5.445518218200000149e+00,-2.607383159300000131e+01,-4.849862158599999873e+01
5.465538138100000332e+00,-2.635027250999999993e+01,-4.686883337999999810e+01
5.485558058100000522e+00,-2.658562649399999955e+01,-4.742323650400000190e+01
5.505577977999999817e+00,-2.673518354999999858e+01,-4.822206081800000277e+01
5.525597897900000000e+00,-2.687774972900000137e+01,-4.739467137700000166e+01
5.545617817800000182e+00,-2.702368205399999823e+01,-4.667955025100000199e+01
5.565637737699999477e+00,-2.717840542500000112e+01,-4.599793281699999881e+01
5.585657657699999667e+00,-2.732759097099999934e+01,-4.709802646699999684e+01
5.605677577600000738e+00,-2.753762330800000058e+01,-4.796981891099999729e+01
5.625697497500000033e+00,-2.768505595599999936e+01,-4.718952229899999651e+01
5.645717417399999327e+00,-2.782044381500000085e+01,-4.651229513599999876e+01
5.665737337300000398e+00,-2.788535631599999931e+01,-4.602336719000000187e+01
5.685757257300000589e+00,-2.795363530999999924e+01,-4.742331824099999693e+01
5.705777177199999883e+00,-2.798277409900000023e+01,-4.703666036900000336e+01
5.725797097100000066e+00,-2.816992408100000134e+01,-4.487158469700000296e+01
5.745817017000000249e+00,-2.824293360700000122e+01,-4.412073424900000163e+01
5.765836936899999543e+00,-2.822369838299999856e+01,-4.554441140099999785e+01
5.785856856899999734e+00,-2.822483189200000098e+01,-4.681008843899999761e+01
5.805876776799999917e+00,-2.809823937499999857e+01,-4.519804586000000057e+01
5.825896696700000099e+00,-2.794055008500000170e+01,-4.387254033100000328e+01
5.845916616600000282e+00,-2.766925475800000100e+01,-4.492135929399999839e+01
5.865936536499999576e+00,-2.735194286000000119e+01,-4.483530491700000198e+01
5.885956456499999767e+00,-2.690013296400000087e+01,-4.451187491499999993e+01
5.905976376399999950e+00,-2.639556270199999943e+01,-4.309142012899999941e+01
5.925996296300000132e+00,-2.572122429199999871e+01,-4.432082199599999939e+01
5.946016216199999427e+00,-2.519669012600000002e+01,-4.532267421200000257e+01
5.966036136100000498e+00,-2.460360165899999885e+01,-4.438018939999999901e+01
5.986056056100000689e+00,-2.403381360999999927e+01,-4.374345979099999937e+01
6.006075975999999983e+00,-2.351071891599999830e+01,-4.364502185999999995e+01
6.026095895899999277e+00,-2.300501487500000053e+01,-4.439196941099999805e+01
6.046115815800000348e+00,-2.251693406400000086e+01,-4.404492837699999797e+01
6.066135735699999643e+00,-2.205415539099999833e+01,-4.363306294400000240e+01
6.086155655699999834e+00,-2.162932611800000160e+01,-4.456403692500000346e+01
6.106175575600000016e+00,-2.126843736000000007e+01,-4.490194043399999657e+01
6.126195495500000199e+00,-2.092230764600000015e+01,-4.544909475600000093e+01
6.146215415399999493e+00,-2.062346143699999956e+01,-4.597652390999999739e+01
6.166235335300000564e+00,-2.035031152999999904e+01,-4.727858915200000212e+01
6.186255255299999867e+00,-2.012343495500000046e+01,-4.850662522999999737e+01
6.206275175200000049e+00,-1.992276067199999900e+01,-5.085833930399999758e+01
6.226295095100000232e+00,-1.976060691300000016e+01,-5.067604361699999771e+01
6.246315015000000415e+00,-1.957334769399999885e+01,-5.204638905899999912e+01
6.266334934899999709e+00,-1.944137243400000159e+01,-5.175056071299999871e+01
6.286354854899999900e+00,-1.935782329099999899e+01,-5.148195273000000327e+01
6.306374774800000083e+00,-1.920342072700000102e+01,-5.164570646600000003e+01
6.326394694699999377e+00,-1.911764734999999860e+01,-5.107480651600000243e+01
6.346414614600000448e+00,-1.910553438699999873e+01,-4.778066499399999856e+01
6.366434534499999742e+00,-1.904876587700000101e+01,-4.533694037200000082e+01
6.386454454499999933e+00,-1.902723057300000065e+01,-4.494417334100000261e+01
6.406474374399999228e+00,-1.902461574100000163e+01,-4.328584102100000308e+01
6.426494294300000298e+00,-1.897000291100000169e+01,-4.164481799899999714e+01
6.446514214199999593e+00,-1.894388096300000157e+01,-3.983575486400000187e+01
6.466534134100000664e+00,-1.894308990400000070e+01,-3.969227537799999794e+01
6.486554054099999966e+00,-1.893175638599999999e+01,-3.868403144599999877e+01
6.506573974000000149e+00,-1.894197801600000020e+01,-3.770948802400000233e+01
6.526593893899999443e+00,-1.898228456500000050e+01,-3.704095961000000159e+01
6.546613813800000514e+00,-1.898943010800000053e+01,-3.626956773399999889e+01
6.566633733699999809e+00,-1.901045210999999924e+01,-3.625418677599999739e+01
6.586653653700000000e+00,-1.899428342499999900e+01,-3.621873041799999982e+01
6.606673573600000182e+00,-1.898568535700000126e+01,-3.542474591399999895e+01
6.626693493500000365e+00,-1.894073910999999910e+01,-3.510899468899999931e+01
6.646713413399999659e+00,-1.888509933499999960e+01,-3.534301320699999849e+01
6.666733333299999842e+00,-1.880733582499999912e+01,-3.578481212199999817e+01
6.686753253300000033e+00,-1.873851780600000083e+01,-3.575231060400000160e+01
6.706773173200000215e+00,-1.861746462300000005e+01,-3.587113603800000305e+01
6.726793093100000398e+00,-1.849965802899999900e+01,-3.636018811200000300e+01
6.746813012999999692e+00,-1.831307641600000125e+01,-3.621800966100000352e+01
6.766832932899999875e+00,-1.812996009400000119e+01,-3.640891979599999928e+01
6.786852852899999178e+00,-1.797761979299999879e+01,-3.604342574700000057e+01
6.806872772800000249e+00,-1.777956319500000149e+01,-3.588966523199999870e+01
6.826892692699999543e+00,-1.757615196000000068e+01,-3.558758890699999711e+01
6.846912612600000614e+00,-1.746950626499999970e+01,-3.530200058199999802e+01
6.866932532499999908e+00,-1.733477532599999904e+01,-3.488313924599999893e+01
6.886952452500000099e+00,-1.719451986800000043e+01,-3.438695786800000320e+01
6.906972372399999394e+00,-1.717377576999999889e+01,-3.404897225700000263e+01
6.926992292300000464e+00,-1.712376932200000113e+01,-3.352161457599999750e+01
6.947012212199999759e+00,-1.710131609400000130e+01,-3.286702979399999691e+01
6.967032132099999941e+00,-1.706825202399999952e+01,-3.255873915400000129e+01
6.987052052100000132e+00,-1.705614212600000101e+01,-3.213808682799999872e+01
7.007071972000000315e+00,-1.705997341500000175e+01,-3.185267578699999902e+01
7.027091891899999609e+00,-1.708527928499999859e+01,-3.115664523699999933e+01
7.047111811799999792e+00,-1.715006787000000088e+01,-3.093335067499999980e+01
7.067131731699999975e+00,-1.716572176500000069e+01,-3.082426346700000153e+01
7.087151651700000166e+00,-1.720704091300000016e+01,-3.053377594000000173e+01
7.107171571600000348e+00,-1.732662147599999969e+01,-3.010200720099999927e+01
7.127191491499999643e+00,-1.740219334700000076e+01,-2.985683033000000108e+01
7.147211411399999825e+00,-1.749623741199999927e+01,-2.987726776199999890e+01
7.167231331300000008e+00,-1.756200366299999871e+01,-2.981017928900000058e+01
7.187251251300000199e+00,-1.769005126000000061e+01,-2.967783815199999964e+01
7.207271171199999493e+00,-1.779919565599999842e+01,-2.977168499800000134e+01
7.227291091100000564e+00,-1.795586303800000039e+01,-2.978441540100000040e+01
7.247311010999999858e+00,-1.807741291700000019e+01,-3.007936252100000019e+01
7.267330930900000041e+00,-1.822822091300000125e+01,-3.035350064200000020e+01
7.287350850899999344e+00,-1.827082218199999986e+01,-3.043557161000000022e+01
7.307370770800000415e+00,-1.831372604299999907e+01,-3.070932319399999955e+01
7.327390690699999709e+00,-1.832293294500000158e+01,-3.126981603400000154e+01
7.347410610600000780e+00,-1.831639505500000098e+01,-3.198153805800000171e+01
7.367430530500000074e+00,-1.829357872099999938e+01,-3.258361368799999980e+01
7.387450450500000265e+00,-1.821961259000000055e+01,-3.338538947800000045e+01
7.407470370399999560e+00,-1.819526675699999885e+01,-3.435442704199999753e+01
7.427490290300000630e+00,-1.809062629900000019e+01,-3.531613124799999781e+01
7.447510210199999925e+00,-1.800678508000000022e+01,-3.651541409099999669e+01
7.467530130100000108e+00,-1.788020210099999829e+01,-3.783148222599999855e+01
7.487550050100000298e+00,-1.773337054299999949e+01,-3.887709975300000309e+01
7.507569969999999593e+00,-1.762062503699999994e+01,-3.996208352000000019e+01
7.527589889899999775e+00,-1.757824692100000163e+01,-4.110860031200000009e+01
7.547609809799999958e+00,-1.751625276300000067e+01,-4.263661283799999779e+01
7.567629729700000141e+00,-1.755656464100000136e+01,-4.369073193199999849e+01
7.587649649600000323e+00,-1.765335834000000048e+01,-4.424950992499999813e+01
7.607669569600000514e+00,-1.776364874500000113e+01,-4.472988431400000309e+01
7.627689489499999809e+00,-1.787481759399999959e+01,-4.506370385599999651e+01
7.647709409399999991e+00,-1.797906082800000149e+01,-4.526425685400000276e+01
7.667729329300000174e+00,-1.807833078499999857e+01,-4.519830781299999956e+01
7.687749249199999468e+00,-1.819141276499999904e+01,-4.505751595400000298e+01
7.707769169199999659e+00,-1.823319552599999938e+01,-4.531672217100000211e+01
7.727789089100000730e+00,-1.823778974600000069e+01,-4.494966759199999728e+01
7.747809009000000025e+00,-1.831731669199999857e+01,-4.472955267999999762e+01
7.767828928899999319e+00,-1.836681980999999908e+01,-4.550622750299999808e+01
7.787848848800000390e+00,-1.843089056699999873e+01,-4.581895484700000054e+01
7.807868768800000581e+00,-1.848810817700000086e+01,-4.565511313199999677e+01
7.827888688699999875e+00,-1.858790298699999965e+01,-4.579276772200000067e+01
7.847908608600000058e+00,-1.867678354099999893e+01,-4.632171085299999902e+01
7.867928528500000240e+00,-1.881746267200000133e+01,-4.663183668199999943e+01
7.887948448399999535e+00,-1.897722801400000137e+01,-4.664076799800000117e+01
7.907968368399999726e+00,-1.913214787100000080e+01,-4.781923205599999704e+01
7.927988288299999908e+00,-1.940981375599999836e+01,-4.862482118700000200e+01
7.948008208200000091e+00,-1.967940508299999891e+01,-4.909337604800000321e+01
7.968028128100000274e+00,-1.991536717199999984e+01,-4.988522262499999727e+01
7.988048047999999568e+00,-2.022200474799999981e+01,-5.214600156000000197e+01
8.008067968000000647e+00,-2.066313840799999824e+01,-5.556818654900000354e+01
8.028087887899999942e+00,-2.104275142599999882e+01,-5.471107083100000068e+01
8.048107807800001012e+00,-2.145867730899999870e+01,-5.402864698500000173e+01
8.068127727700000307e+00,-2.187056261200000051e+01,-5.531670935999999728e+01
8.088147647599999601e+00,-2.224934910800000054e+01,-5.795088675699999925e+01
8.108167567600000680e+00,-2.246044804199999945e+01,-5.470324249899999813e+01
8.128187487499999975e+00,-2.256230059499999996e+01,-5.513874492299999730e+01
8.148207407399999269e+00,-2.263378474800000006e+01,-5.678400632900000033e+01
8.168227327300000340e+00,-2.265843050899999866e+01,-5.333482399599999724e+01
8.188247247199999634e+00,-2.267355128699999867e+01,-5.272544283999999948e+01
8.208267167199998937e+00,-2.262147485599999897e+01,-5.183862348000000253e+01
8.228287087100000008e+00,-2.261541160100000170e+01,-4.918607217499999962e+01
8.248307006999999302e+00,-2.276137611800000116e+01,-5.001160741300000012e+01
8.268326926900000373e+00,-2.276609107299999835e+01,-5.053109695599999895e+01
8.288346846799999668e+00,-2.278520907500000092e+01,-5.080374449600000020e+01
8.308366766800000747e+00,-2.293196753799999854e+01,-5.161690233000000205e+01
8.328386686700000041e+00,-2.308147623199999998e+01,-5.310936957599999886e+01
8.348406606600001112e+00,-2.324334639899999999e+01,-5.471955998899999685e+01
8.368426526500000406e+00,-2.350760379100000108e+01,-5.851484116200000329e+01
8.388446446399999701e+00,-2.379306593800000158e+01,-5.783919793799999809e+01
8.408466366399999004e+00,-2.406005155300000098e+01,-5.789584278000000239e+01
8.428486286300000074e+00,-2.445767407599999999e+01,-5.854733202399999925e+01
8.448506206199999369e+00,-2.474497981400000057e+01,-5.747507239600000162e+01
8.468526126100000440e+00,-2.507176414299999934e+01,-5.953653630299999833e+01
8.488546045999999734e+00,-2.546864052600000150e+01,-6.346911063200000314e+01
8.508565966000000813e+00,-2.583380604499999933e+01,-6.506623466700000336e+01
8.528585885900000108e+00,-2.620240541000000078e+01,-7.567745306000000483e+01
8.548605805799999402e+00,-2.663047970399999897e+01,-6.512772593399999721e+01
8.568625725700000473e+00,-2.703885407099999938e+01,-5.984026246599999865e+01
8.588645645599999767e+00,-2.743178304999999995e+01,-5.728231267700000018e+01
8.608665565600000846e+00,-2.789978508000000090e+01,-5.657672864599999940e+01
8.628685485500000141e+00,-2.840706833400000164e+01,-5.540222547300000144e+01
8.648705405399999435e+00,-2.871133361600000100e+01,-5.630650439600000112e+01
8.668725325299998730e+00,-2.903570132000000115e+01,-5.582763457499999760e+01
8.688745245200001577e+00,-2.933425460699999832e+01,-5.551698297899999801e+01
8.708765165200000880e+00,-2.954194483399999882e+01,-5.286436571099999782e+01
8.728785085100000174e+00,-2.965078359700000021e+01,-5.048355754100000325e+01
8.748805004999999468e+00,-2.975637044300000156e+01,-4.843173586300000011e+01
8.768824924899998763e+00,-2.968933372200000065e+01,-4.717205224500000327e+01
8.788844844799999834e+00,-2.953276847000000060e+01,-4.552435342599999757e+01
8.808864764799999136e+00,-2.955137310699999986e+01,-4.444538100399999792e+01
8.828884684700000207e+00,-2.971429776000000089e+01,-4.357015794200000158e+01
8.848904604599999502e+00,-2.985610452099999890e+01,-4.253073303000000038e+01
8.868924524500000572e+00,-3.013327752000000004e+01,-4.144437936799999989e+01
8.888944444399999867e+00,-3.047742361699999947e+01,-4.078441855599999855e+01
8.908964364399999170e+00,-3.065382985200000121e+01,-3.965772785000000056e+01
8.928984284299998464e+00,-3.089012054899999882e+01,-3.924571522899999820e+01
8.949004204200001311e+00,-3.105650677699999918e+01,-3.846770358799999912e+01
8.969024124100000606e+00,-3.101526212999999998e+01,-3.819076541599999786e+01
8.989044043999999900e+00,-3.068473074399999945e+01,-3.823013286799999833e+01
9.009063963999999203e+00,-3.046337896300000025e+01,-3.806368430100000211e+01
9.029083883900000274e+00,-3.011295215499999856e+01,-3.827411220399999792e+01
9.049103803799999568e+00,-2.955887947700000140e+01,-3.872307271900000103e+01
9.069123723700000639e+00,-2.919873782799999873e+01,-3.941178479900000298e+01
9.089143643599999933e+00,-2.882637886299999863e+01,-3.989952183399999797e+01
9.109163563600001012e+00,-2.857199181500000051e+01,-4.022431721400000271e+01
9.129183483500000307e+00,-2.861708860199999904e+01,-4.025105130800000097e+01
9.149203403399999601e+00,-2.856249558000000022e+01,-4.134923649699999970e+01
9.169223323299998896e+00,-2.867642571800000084e+01,-4.221168666199999819e+01
9.189243243199999966e+00,-2.888240812000000091e+01,-4.155816511100000099e+01
9.209263163200001046e+00,-2.909492944499999822e+01,-4.229209276499999959e+01
9.229283083100000340e+00,-2.899910793300000122e+01,-4.451344231000000207e+01
9.249303002999999634e+00,-2.894375771800000052e+01,-4.458895540299999993e+01
9.269322922899998929e+00,-2.868034196199999997e+01,-4.480550772299999807e+01
9.289342842800000000e+00,-2.838989530899999991e+01,-4.421161390900000043e+01
9.309362762799999302e+00,-2.809132429399999964e+01,-4.311941456099999925e+01
9.329382682700000373e+00,-2.796873787299999847e+01,-4.255579619299999905e+01
9.349402602599999668e+00,-2.806946319000000045e+01,-4.117978517800000304e+01
9.369422522500000738e+00,-2.809557675199999949e+01,-4.036163901399999787e+01
9.389442442400000033e+00,-2.830570369100000150e+01,-3.981964706400000154e+01
9.409462362399999336e+00,-2.854467263100000096e+01,-3.848672497300000117e+01
9.429482282299998630e+00,-2.887751014899999902e+01,-3.843318984700000129e+01
9.449502202200001477e+00,-2.939688893199999953e+01,-3.881944644800000077e+01
9.469522122100000772e+00,-3.005232612400000036e+01,-3.827613546999999983e+01
9.489542042000000066e+00,-3.106504295899999946e+01,-3.760392626600000199e+01
9.509561961999999369e+00,-3.228476813900000053e+01,-3.803528348799999748e+01
9.529581881900000440e+00,-3.420794491600000242e+01,-3.795344629099999878e+01
9.549601801799999734e+00,-3.648818028299999838e+01,-3.779061562799999763e+01
9.569621721700000805e+00,-3.902585584500000238e+01,-3.772438777699999690e+01
9.589641641600000099e+00,-4.008566089699999679e+01,-3.752847547999999733e+01
9.609661561600001178e+00,-4.028030990900000319e+01,-3.744848347100000296e+01
9.629681481500000473e+00,-3.828679068600000335e+01,-3.704220428800000064e+01
9.649701401399999767e+00,-3.668255930499999806e+01,-3.613308488300000221e+01
9.669721321299999062e+00,-3.493189967600000045e+01,-3.541580761800000232e+01
9.689741241200000132e+00,-3.342551207999999718e+01,-3.476792666499999740e+01
9.709761161200001212e+00,-3.233928588100000212e+01,-3.391872460799999800e+01
9.729781081100000506e+00,-3.127887557000000029e+01,-3.312041400100000033e+01
9.749801000999999800e+00,-3.067524656100000158e+01,-3.269441271499999857e+01
9.769820920899999095e+00,-3.023073494699999841e+01,-3.231928175899999900e+01
9.789840840799998389e+00,-2.984933149300000110e+01,-3.167205675700000000e+01
9.809860760799999468e+00,-2.958176999300000176e+01,-3.134684314600000121e+01
9.829880680700000539e+00,-2.950437345699999980e+01,-3.117088545400000044e+01
9.849900600599999834e+00,-2.934390324800000016e+01,-3.090218400299999857e+01
9.869920520499999128e+00,-2.906034943399999904e+01,-3.069369580400000075e+01
9.889940440400000199e+00,-2.873481517700000154e+01,-3.060908278999999865e+01
9.909960360399999502e+00,-2.842297782600000033e+01,-3.046553141800000120e+01
9.929980280299998796e+00,-2.803708892099999872e+01,-3.027947139100000129e+01
9.950000200200001643e+00,-2.769169436600000012e+01,-3.018125649799999977e+01
9.970020120100000938e+00,-2.760888763999999895e+01,-3.005219316599999857e+01
9.990040040000000232e+00,-2.751804882800000129e+01,-2.978151953600000112e+01
1.001005995999999953e+01,-2.737471911900000165e+01,-2.962264051100000017e+01
1.003007988000000061e+01,-2.746250381500000159e+01,-2.943243448300000153e+01
1.005009979999999992e+01,-2.747599325099999845e+01,-2.917130519000000177e+01
1.007011971999999922e+01,-2.775973555999999931e+01,-2.909540259999999989e+01
1.009013964000000030e+01,-2.805312713400000035e+01,-2.903383682500000162e+01
1.011015955999999960e+01,-2.825178584900000089e+01,-2.908927176599999953e+01
1.013017947900000060e+01,-2.866908402500000008e+01,-2.933701642999999848e+01
1.015019939899999990e+01,-2.899657037400000092e+01,-2.972378564099999920e+01
1.017021931899999920e+01,-2.925136577600000010e+01,-3.020661986800000065e+01
1.019023923900000028e+01,-2.945496724099999852e+01,-3.078482218099999912e+01
1.021025915899999958e+01,-2.962848404600000052e+01,-3.142608251700000110e+01
1.023027907900000066e+01,-2.970455578400000007e+01,-3.198082602999999935e+01
1.025029899899999997e+01,-2.967280082899999982e+01,-3.250566887000000094e+01
1.027031891899999927e+01,-2.955978724599999907e+01,-3.304944580400000120e+01
1.029033883900000035e+01,-2.964498860599999830e+01,-3.319129947500000100e+01
1.031035875899999965e+01,-2.971620752200000126e+01,-3.337927049700000026e+01
1.033037867900000073e+01,-2.994487744099999915e+01,-3.308188662700000293e+01
1.035039859900000003e+01,-3.043430155500000112e+01,-3.278652566899999954e+01
1.037041851899999934e+01,-3.038850853499999971e+01,-3.213862542900000108e+01
1.039043843800000033e+01,-3.087608066199999968e+01,-3.154254516499999994e+01
1.041045835799999963e+01,-3.123030995099999885e+01,-3.085901120700000178e+01
1.043047827800000071e+01,-3.112977909299999979e+01,-3.004120801699999888e+01
1.045049819800000002e+01,-3.131333621099999931e+01,-2.943427110500000055e+01
1.047051811799999932e+01,-3.141061604500000115e+01,-2.902737645499999886e+01
1.049053803800000040e+01,-3.148479785500000006e+01,-2.854370466900000025e+01
1.051055795799999970e+01,-3.147706779299999980e+01,-2.824067677900000106e+01
1.053057787800000078e+01,-3.123595314800000011e+01,-2.795284387699999940e+01
1.055059779800000008e+01,-3.106660941999999892e+01,-2.771045594399999956e+01
1.057061771799999939e+01,-3.094337808899999942e+01,-2.762177475300000040e+01
1.059063763800000046e+01,-3.057482488400000165e+01,-2.752274567199999922e+01
1.061065755799999977e+01,-3.053132532700000112e+01,-2.748943650400000038e+01
1.063067747700000076e+01,-3.053939692699999853e+01,-2.745655610100000033e+01
1.065069739700000007e+01,-3.040968905200000094e+01,-2.743001457700000145e+01
1.067071731699999937e+01,-3.056219667799999939e+01,-2.734526619800000091e+01
1.069073723700000045e+01,-3.065380978199999973e+01,-2.739485334100000102e+01
1.071075715699999975e+01,-3.074828833400000150e+01,-2.742791504699999905e+01
1.073077707700000083e+01,-3.098008554999999831e+01,-2.751131395000000168e+01
1.075079699700000013e+01,-3.086153362199999961e+01,-2.759882067899999925e+01
1.077081691699999944e+01,-3.081349881599999918e+01,-2.768942324600000049e+01
1.079083683700000051e+01,-3.088912592200000162e+01,-2.775036001599999835e+01
1.081085675699999982e+01,-3.068218167099999860e+01,-2.785703211799999934e+01
1.083087667699999912e+01,-3.052179329599999846e+01,-2.788945235699999969e+01
1.085089659700000020e+01,-3.040810670200000132e+01,-2.798651817200000025e+01
1.087091651699999950e+01,-3.009063746800000061e+01,-2.806991345799999849e+01
1.089093643600000050e+01,-2.972477863199999959e+01,-2.813739757500000138e+01
1.091095635599999980e+01,-2.963221048300000149e+01,-2.811593306299999995e+01
1.093097627600000088e+01,-2.936089546599999878e+01,-2.806834219799999985e+01
1.095099619600000018e+01,-2.934719692599999874e+01,-2.814186428200000023e+01
1.097101611599999949e+01,-2.952530662899999925e+01,-2.806252633500000115e+01
1.099103603600000056e+01,-2.960817529699999895e+01,-2.798179668199999881e+01
1.101105595599999987e+01,-2.976710235399999860e+01,-2.790313367299999925e+01
1.103107587599999917e+01,-2.995556327099999905e+01,-2.774399532900000054e+01
1.105109579600000025e+01,-2.976651286099999894e+01,-2.760771761899999888e+01
1.107111571599999955e+01,-2.969498532300000093e+01,-2.754464072600000080e+01
1.109113563600000063e+01,-2.960702348899999947e+01,-2.751665184000000153e+01
1.111115555599999993e+01,-2.934404351399999911e+01,-2.743113074000000040e+01
1.113117547499999915e+01,-2.916458875700000064e+01,-2.739890157299999984e+01
1.115119539500000023e+01,-2.866156067400000040e+01,-2.740877094100000022e+01
1.117121531499999953e+01,-2.797506423300000122e+01,-2.733403605499999856e+01
1.119123523500000061e+01,-2.716621951000000124e+01,-2.735065071900000078e+01
1.121125515499999992e+01,-2.630068418000000108e+01,-2.740637935000000169e+01
1.123127507499999922e+01,-2.572194198000000043e+01,-2.738474882799999932e+01
1.125129499500000030e+01,-2.500925016000000056e+01,-2.728484764799999951e+01
1.127131491499999960e+01,-2.460764471499999928e+01,-2.734090001199999875e+01
1.129133483500000068e+01,-2.429802859600000176e+01,-2.732782638000000119e+01
1.131135475499999998e+01,-2.414068870699999891e+01,-2.724419703299999895e+01
1.133137467499999929e+01,-2.395356146399999986e+01,-2.732556068099999891e+01
1.135139459500000036e+01,-2.396884979200000032e+01,-2.739676660599999991e+01
1.137141451499999967e+01,-2.397143172299999847e+01,-2.743450461999999845e+01
1.139143443400000066e+01,-2.411389398100000037e+01,-2.756798540200000147e+01
1.141145435399999997e+01,-2.443154189499999873e+01,-2.778618313999999856e+01
1.143147427399999927e+01,-2.462765073399999949e+01,-2.785387205600000016e+01
1.145149419400000035e+01,-2.478427565999999871e+01,-2.803282250099999828e+01
1.147151411399999965e+01,-2.508788553000000121e+01,-2.828590975499999871e+01
1.149153403400000073e+01,-2.524467815499999901e+01,-2.859062887900000050e+01
1.151155395400000003e+01,-2.525759208799999911e+01,-2.880771832399999965e+01
1.153157387399999934e+01,-2.539242728400000004e+01,-2.924078892800000062e+01
1.155159379400000041e+01,-2.541482905799999870e+01,-2.968516690499999910e+01
1.157161371399999972e+01,-2.529534134000000023e+01,-3.018071662499999874e+01
1.159163363400000080e+01,-2.521537017900000066e+01,-3.076740755499999835e+01
1.161165355400000010e+01,-2.511613268400000010e+01,-3.130752857799999944e+01
1.163167347299999932e+01,-2.488379613900000109e+01,-3.174319312100000090e+01
1.165169339300000040e+01,-2.472433210599999853e+01,-3.268871555100000137e+01
1.167171331299999970e+01,-2.471197500399999925e+01,-3.364280736399999938e+01
1.169173323300000078e+01,-2.462911409999999890e+01,-3.427280469600000146e+01
1.171175315300000008e+01,-2.458123957600000153e+01,-3.524808764600000188e+01
1.173177307299999939e+01,-2.465678342700000059e+01,-3.637569336100000328e+01
1.175179299300000046e+01,-2.462587364699999881e+01,-3.711591734999999659e+01
1.177181291299999977e+01,-2.461838524199999867e+01,-3.791977957200000304e+01
1.179183283300000085e+01,-2.467919248999999837e+01,-3.867138187199999777e+01
1.181185275300000015e+01,-2.471864529400000166e+01,-3.909751546100000041e+01
1.183187267299999945e+01,-2.471459676599999966e+01,-3.966210213200000112e+01
1.185189259300000053e+01,-2.473009006299999868e+01,-3.987017416199999786e+01
1.187191251299999983e+01,-2.473497070799999875e+01,-4.018374269000000254e+01
1.189193243200000083e+01,-2.469344507299999947e+01,-4.063337369999999993e+01
1.191195235200000013e+01,-2.468415751499999899e+01,-4.081136436500000286e+01
1.193197227199999944e+01,-2.477864723700000127e+01,-4.087215126099999907e+01
1.195199219200000051e+01,-2.486521886899999956e+01,-4.013753959499999979e+01
1.197201211199999982e+01,-2.508273620199999954e+01,-3.952082719599999905e+01
1.199203203199999912e+01,-2.534111841100000007e+01,-3.858164432499999918e+01
1.201205195200000020e+01,-2.555148846799999873e+01,-3.748992283799999825e+01
1.203207187199999950e+01,-2.590798757900000027e+01,-3.680760365100000087e+01
1.205209179200000058e+01,-2.640212706599999848e+01,-3.629928575999999651e+01
1.207211171199999988e+01,-2.674193655399999869e+01,-3.543699042200000093e+01
1.209213163199999919e+01,-2.701420591899999835e+01,-3.441574263100000053e+01
1.211215155200000027e+01,-2.748267857100000100e+01,-3.381839914999999763e+01
1.213217147099999949e+01,-2.800326286800000020e+01,-3.322892329500000130e+01
1.215219139100000056e+01,-2.856578856300000169e+01,-3.263030007700000112e+01
1.217221131099999987e+01,-2.917701759299999864e+01,-3.228883906699999784e+01
1.219223123099999917e+01,-2.978108511199999953e+01,-3.187718042999999923e+01
1.221225115100000025e+01,-3.047838115800000125e+01,-3.146834514600000077e+01
1.223227107099999955e+01,-3.098079667100000023e+01,-3.107713554400000078e+01
1.225229099100000063e+01,-3.143872328100000146e+01,-3.069587503700000042e+01
1.227231091099999993e+01,-3.195679282700000101e+01,-3.031450822600000095e+01
1.229233083099999924e+01,-3.245989272300000295e+01,-3.005951610900000048e+01
1.231235075100000032e+01,-3.294878715800000180e+01,-2.980181288200000012e+01
1.233237067099999962e+01,-3.332106483900000171e+01,-2.969289319499999991e+01
1.235239059100000070e+01,-3.389144662599999691e+01,-2.965194455500000004e+01
1.237241051100000000e+01,-3.454926426000000106e+01,-2.963556575799999848e+01
1.239243042999999922e+01,-3.507000554199999698e+01,-2.960273718399999865e+01
1.241245035000000030e+01,-3.579609610800000041e+01,-2.983337933900000039e+01
1.243247026999999960e+01,-3.688416341100000295e+01,-2.988237329200000048e+01
1.245249019000000068e+01,-3.757205735099999799e+01,-3.008255945299999823e+01
1.247251010999999998e+01,-3.850969840399999811e+01,-3.039855402899999959e+01
1.249253002999999929e+01,-3.967811340200000103e+01,-3.072280032200000122e+01
1.251254995000000036e+01,-4.045134519999999867e+01,-3.117583283500000135e+01
1.253256986999999967e+01,-4.111644523999999734e+01,-3.165562353600000023e+01
1.255258979000000075e+01,-4.151083499199999949e+01,-3.222467355599999905e+01
1.257260971000000005e+01,-4.141372667600000312e+01,-3.270017697699999815e+01
1.259262962999999935e+01,-4.136619436299999819e+01,-3.301415909300000351e+01
1.261264955000000043e+01,-4.154228716400000110e+01,-3.318249235999999769e+01
1.263266946899999965e+01,-4.204623724000000351e+01,-3.279958821799999669e+01
1.265268938900000073e+01,-4.332705905600000307e+01,-3.220513109400000218e+01
1.267270930900000003e+01,-4.432216670900000111e+01,-3.178560938200000052e+01
1.269272922899999934e+01,-4.531324043400000079e+01,-3.135756216600000101e+01
1.271274914900000041e+01,-4.673968309800000043e+01,-3.092131048099999902e+01
1.273276906899999972e+01,-4.723356872600000145e+01,-3.062095557600000006e+01
1.275278898900000080e+01,-4.814711616099999958e+01,-3.059989249899999919e+01
1.277280890900000010e+01,-4.946274192599999964e+01,-3.058469495199999955e+01
1.279282882899999940e+01,-5.021516645300000192e+01,-3.052700153099999980e+01
1.281284874900000048e+01,-4.903139815499999798e+01,-3.061369742400000149e+01
1.283286866899999978e+01,-4.813003467299999727e+01,-3.081759839100000065e+01
1.285288858900000086e+01,-4.623021936800000020e+01,-3.127613295300000118e+01
1.287290850900000017e+01,-4.417226675599999908e+01,-3.186475825400000161e+01
1.289292842799999939e+01,-4.234730852300000237e+01,-3.256769372299999787e+01
1.291294834800000046e+01,-4.089822644200000212e+01,-3.304314296300000109e+01
1.293296826799999977e+01,-4.004238564999999994e+01,-3.388082420100000292e+01
1.295298818800000085e+01,-3.921140882499999947e+01,-3.388851097300000248e+01
1.297300810800000015e+01,-3.913730288600000051e+01,-3.363611817500000001e+01
1.299302802799999945e+01,-3.882048856600000164e+01,-3.378623376200000195e+01
1.301304794800000053e+01,-3.863208809700000046e+01,-3.389125605000000263e+01
1.303306786799999983e+01,-3.816309566099999984e+01,-3.391612253899999985e+01
1.305308778799999914e+01,-3.812055325099999692e+01,-3.402242419400000273e+01
1.307310770800000022e+01,-3.805776436299999688e+01,-3.431818696900000276e+01
1.309312762799999952e+01,-3.767184319599999753e+01,-3.441559843600000335e+01
1.311314754800000060e+01,-3.719206843300000287e+01,-3.483084002799999723e+01
1.313316746699999982e+01,-3.634704987700000345e+01,-3.503110568499999999e+01
1.315318738699999912e+01,-3.584548795799999965e+01,-3.497994043599999969e+01
1.317320730700000020e+01,-3.514083104800000257e+01,-3.515858848199999898e+01
1.319322722699999950e+01,-3.450073065000000128e+01,-3.511462537599999933e+01
1.321324714700000058e+01,-3.374094928800000304e+01,-3.480633285100000052e+01
1.323326706699999988e+01,-3.317748445000000146e+01,-3.407188407999999669e+01
1.325328698699999919e+01,-3.268543559799999798e+01,-3.349918007699999833e+01
1.327330690700000027e+01,-3.206326261600000294e+01,-3.312342638999999878e+01
1.329332682699999957e+01,-3.159068911900000032e+01,-3.245749441899999965e+01
1.331334674700000065e+01,-3.119522949099999920e+01,-3.222185350299999840e+01
1.333336666699999995e+01,-3.091589470899999981e+01,-3.164333338200000156e+01
1.335338658699999925e+01,-3.046900771199999980e+01,-3.171400659600000083e+01
1.337340650700000033e+01,-3.026381781199999921e+01,-3.188749257899999989e+01
1.339342642599999955e+01,-3.028623202300000017e+01,-3.174424833500000176e+01
1.341344634600000063e+01,-3.024142442699999833e+01,-3.183698905299999993e+01
1.343346626599999993e+01,-3.034056771899999916e+01,-3.202837171499999869e+01
1.345348618599999924e+01,-3.049264073000000153e+01,-3.249058378200000163e+01
1.347350610600000032e+01,-3.067864827000000005e+01,-3.285533911099999926e+01
1.349352602599999962e+01,-3.108908362000000025e+01,-3.346762280099999742e+01
1.351354594600000070e+01,-3.146233682800000153e+01,-3.398154774500000030e+01
1.353356586600000000e+01,-3.193088967499999953e+01,-3.417051062000000172e+01
1.355358578599999930e+01,-3.228267878100000132e+01,-3.444762389000000269e+01
1.357360570600000038e+01,-3.261047128700000286e+01,-3.488455102900000071e+01
1.359362562599999968e+01,-3.250996728700000205e+01,-3.512651576500000061e+01
1.361364554600000076e+01,-3.238085421400000286e+01,-3.541001630899999952e+01
1.363366546499999998e+01,-3.222126013100000108e+01,-3.575209354100000070e+01
1.365368538499999929e+01,-3.196629607799999917e+01,-3.609615206600000192e+01
1.367370530500000037e+01,-3.147766674800000075e+01,-3.657750840399999959e+01
1.369372522499999967e+01,-3.108598519499999924e+01,-3.588584047599999849e+01
1.371374514500000075e+01,-3.074956006500000072e+01,-3.603871004300000180e+01
1.373376506500000005e+01,-3.041206563100000082e+01,-3.618314742100000103e+01
1.375378498499999935e+01,-3.021595420599999926e+01,-3.662159736699999968e+01
1.377380490500000043e+01,-2.991831231500000143e+01,-3.694764115200000276e+01
1.379382482499999973e+01,-2.955272592100000040e+01,-3.688651398799999725e+01
1.381384474500000081e+01,-2.924866742500000072e+01,-3.739753602100000052e+01
1.383386466500000012e+01,-2.890450001700000016e+01,-3.808840998200000172e+01
1.385388458499999942e+01,-2.859510710600000039e+01,-3.820832136199999951e+01
1.387390450500000050e+01,-2.837145738299999920e+01,-3.823112316099999930e+01
1.389392442399999972e+01,-2.815838802600000079e+01,-3.849381239299999891e+01
1.391394434400000080e+01,-2.798081268299999991e+01,-3.900079406500000090e+01
1.393396426400000010e+01,-2.780816168599999827e+01,-3.886726287300000138e+01
1.395398418399999940e+01,-2.768955415099999939e+01,-3.896885544500000265e+01
1.397400410400000048e+01,-2.763994886400000084e+01,-3.824461658999999969e+01
1.399402402399999978e+01,-2.775220551600000007e+01,-3.760287934699999823e+01
1.401404394400000086e+01,-2.791038717800000057e+01,-3.721985548899999685e+01
1.403406386400000017e+01,-2.821479556199999905e+01,-3.650079196000000081e+01
1.405408378399999947e+01,-2.860777383399999962e+01,-3.587627181399999898e+01
1.407410370400000055e+01,-2.915427648700000063e+01,-3.571885351699999944e+01
1.409412362399999985e+01,-2.974470367199999998e+01,-3.546635470599999707e+01
1.411414354399999915e+01,-3.020517504300000056e+01,-3.548738315100000307e+01
1.413416346300000015e+01,-3.078746749100000102e+01,-3.521339947900000311e+01
1.415418338299999945e+01,-3.133797042400000166e+01,-3.553311580300000116e+01
1.417420330300000053e+01,-3.179666765300000009e+01,-3.599223632300000020e+01
1.419422322299999983e+01,-3.226973090399999933e+01,-3.648501119499999845e+01
1.421424314299999914e+01,-3.268912428899999867e+01,-3.676947838899999965e+01
1.423426306300000022e+01,-3.308721793899999852e+01,-3.713358795300000281e+01
1.425428298299999952e+01,-3.347202390100000002e+01,-3.749430320900000169e+01
1.427430290300000060e+01,-3.367862646199999688e+01,-3.772566568399999909e+01
1.429432282299999990e+01,-3.398495569600000010e+01,-3.778157123399999762e+01
1.431434274299999920e+01,-3.431491793000000001e+01,-3.760021658299999814e+01
1.433436266300000028e+01,-3.457647160999999869e+01,-3.779697341800000032e+01
1.435438258299999958e+01,-3.493289644899999757e+01,-3.759281703799999974e+01
1.437440250300000066e+01,-3.534423270399999950e+01,-3.772661672899999985e+01
1.439442242199999988e+01,-3.567239227900000031e+01,-3.791877742500000181e+01
1.441444234199999919e+01,-3.575616883800000068e+01,-3.818762961800000255e+01
1.443446226200000027e+01,-3.584983304499999690e+01,-3.873127465200000330e+01
1.445448218199999957e+01,-3.556058505600000075e+01,-3.963319491000000028e+01
1.447450210200000065e+01,-3.532850654800000001e+01,-4.014792070200000040e+01
1.449452202199999995e+01,-3.477773800500000334e+01,-4.043448906300000090e+01
1.451454194199999925e+01,-3.448728174400000057e+01,-4.105204674600000203e+01
1.453456186200000033e+01,-3.432123932999999738e+01,-4.096755010599999736e+01
1.455458178199999963e+01,-3.411647162399999900e+01,-4.131037692000000305e+01
1.457460170200000071e+01,-3.383490844300000333e+01,-4.218692438800000133e+01
1.459462162200000002e+01,-3.380534240899999787e+01,-4.304547679299999885e+01
1.461464154199999932e+01,-3.369646116300000216e+01,-4.421754396400000076e+01
1.463466146100000032e+01,-3.354064851799999758e+01,-4.491441311700000227e+01
1.465468138099999962e+01,-3.384135131899999749e+01,-4.515178853799999814e+01
1.467470130100000070e+01,-3.402004841400000146e+01,-4.505772084000000177e+01
1.469472122100000000e+01,-3.419523473999999652e+01,-4.423914198300000322e+01
1.471474114099999930e+01,-3.461547250600000325e+01,-4.299146781200000333e+01
1.473476106100000038e+01,-3.510359691000000026e+01,-4.184430665000000005e+01
1.475478098099999968e+01,-3.563809794099999806e+01,-4.244792459500000348e+01
1.477480090100000076e+01,-3.624712225399999710e+01,-4.133973795299999665e+01
1.479482082100000007e+01,-3.745068846600000256e+01,-4.120447730600000114e+01
1.481484074099999937e+01,-3.841758662800000224e+01,-4.143263487400000145e+01
1.483486066100000045e+01,-3.969052043500000337e+01,-4.086402871599999997e+01
1.485488058099999975e+01,-4.056727910099999690e+01,-4.006722969399999812e+01
1.487490050100000083e+01,-4.175870612800000004e+01,-4.005875669000000272e+01
1.489492042000000005e+01,-4.202502901700000137e+01,-3.947243479200000138e+01
1.491494033999999935e+01,-4.183543311599999726e+01,-3.868326480799999700e+01
1.493496026000000043e+01,-4.167580158799999879e+01,-3.849566745300000292e+01
1.495498017999999973e+01,-4.192395679999999913e+01,-3.826995875099999722e+01
1.497500010000000081e+01,-4.215348531099999718e+01,-3.764205496600000345e+01
1.499502002000000012e+01,-4.288798376199999751e+01,-3.704984484300000247e+01
1.501503993999999942e+01,-4.317114870999999710e+01,-3.684493654700000320e+01
1.503505986000000050e+01,-4.388944525299999810e+01,-3.677309393800000237e+01
1.505507977999999980e+01,-4.464502608200000111e+01,-3.661592516300000000e+01
1.507509970000000088e+01,-4.404776508999999862e+01,-3.673539660699999843e+01
1.509511962000000018e+01,-4.405646665399999762e+01,-3.671465058599999765e+01
1.511513953999999949e+01,-4.417380532399999993e+01,-3.714914428200000174e+01
1.513515945900000048e+01,-4.436729042200000350e+01,-3.711997371399999679e+01
1.515517937899999978e+01,-4.456167499600000070e+01,-3.699445249800000113e+01
1.517519929900000086e+01,-4.521336552599999692e+01,-3.700391579899999783e+01
1.519521921900000017e+01,-4.521625129800000309e+01,-3.687317557499999765e+01
1.521523913899999947e+01,-4.566899920499999865e+01,-3.671600472000000082e+01
1.523525905900000055e+01,-4.592526359099999667e+01,-3.651558532399999990e+01
1.525527897899999985e+01,-4.601215112599999912e+01,-3.669893074600000205e+01
1.527529889899999915e+01,-4.670765501799999697e+01,-3.694880906000000209e+01
1.529531881900000023e+01,-4.673416019799999788e+01,-3.665528526899999662e+01
1.531533873899999953e+01,-4.597317097799999885e+01,-3.678526177399999852e+01
1.533535865900000061e+01,-4.622823993800000153e+01,-3.720921618799999919e+01
1.535537857899999992e+01,-4.568476630400000005e+01,-3.700397524000000260e+01
1.537539849799999914e+01,-4.545419704599999733e+01,-3.694165034200000264e+01
1.539541841800000022e+01,-4.432545800300000138e+01,-3.744207619099999818e+01
1.541543833799999952e+01,-4.354778556800000189e+01,-3.793091424499999675e+01
1.543545825800000060e+01,-4.346610790500000121e+01,-3.763959480599999807e+01
1.545547817799999990e+01,-4.261028661900000003e+01,-3.792007200900000186e+01
1.547549809799999920e+01,-4.166301672200000183e+01,-3.801182635400000009e+01
1.549551801800000028e+01,-4.076888233399999706e+01,-3.865607944900000348e+01
1.551553793799999958e+01,-4.035395373000000063e+01,-3.890294423600000329e+01
1.553555785800000066e+01,-3.972018875599999888e+01,-3.907464989500000030e+01
1.555557777799999997e+01,-3.925673026700000179e+01,-3.897841220099999759e+01
1.557559769799999927e+01,-3.926646687899999932e+01,-3.883617580699999650e+01
1.559561761800000035e+01,-3.860010455500000148e+01,-3.828263970100000080e+01
1.561563753799999965e+01,-3.781702081899999968e+01,-3.761775144300000306e+01
1.563565745700000065e+01,-3.753193200399999796e+01,-3.685488610800000231e+01
1.565567737699999995e+01,-3.725358025799999950e+01,-3.612553005699999886e+01
1.567569729699999925e+01,-3.641277421099999856e+01,-3.561710965999999701e+01
1.569571721700000033e+01,-3.555982273299999719e+01,-3.512964027600000350e+01
1.571573713699999963e+01,-3.525734012600000256e+01,-3.434912235899999899e+01
1.573575705700000071e+01,-3.465365051700000265e+01,-3.391192644600000250e+01
1.575577697700000002e+01,-3.416503577799999647e+01,-3.331598472400000333e+01
1.577579689699999932e+01,-3.378526225699999941e+01,-3.276061374199999676e+01
1.579581681700000040e+01,-3.354958459299999873e+01,-3.205360041299999807e+01
1.581583673699999970e+01,-3.340435647299999999e+01,-3.162352283099999894e+01
1.583585665700000078e+01,-3.312127535300000147e+01,-3.114660749300000120e+01
1.585587657700000008e+01,-3.290520805100000246e+01,-3.067083985000000013e+01
1.587589649599999930e+01,-3.281053703199999916e+01,-3.017036534200000020e+01
1.589591641600000038e+01,-3.279317825199999703e+01,-2.966152044500000073e+01
1.591593633599999968e+01,-3.259599902699999774e+01,-2.938774246999999917e+01
1.593595625600000076e+01,-3.258588530400000138e+01,-2.904749136399999898e+01
1.595597617600000007e+01,-3.259376144600000202e+01,-2.857866925400000113e+01
1.597599609599999937e+01,-3.282535986900000324e+01,-2.834252649500000132e+01
1.599601601600000045e+01,-3.299812585000000098e+01,-2.845471024400000104e+01
1.601603593600000153e+01,-3.343889078800000192e+01,-2.861144264500000034e+01
1.603605585600000083e+01,-3.405513866100000087e+01,-2.852801064000000153e+01
1.605607577600000013e+01,-3.516430665200000050e+01,-2.873629174799999930e+01
1.607609569599999944e+01,-3.602356896399999897e+01,-2.936447038200000037e+01
1.609611561599999874e+01,-3.755391517000000334e+01,-2.978505860199999944e+01
1.611613553600000159e+01,-3.921380893799999967e+01,-3.016317164699999864e+01
1.613615545500000081e+01,-4.202839600000000075e+01,-3.059008092999999917e+01
1.615617537500000012e+01,-4.516879523899999782e+01,-3.128361448900000141e+01
1.617619529499999942e+01,-4.695502691400000117e+01,-3.199620317400000147e+01
1.619621521499999872e+01,-4.516664984599999855e+01,-3.248032229100000023e+01
1.621623513500000158e+01,-4.184280717099999691e+01,-3.295286360200000075e+01
1.623625505500000088e+01,-3.914201892900000246e+01,-3.344854453100000313e+01
1.625627497500000018e+01,-3.710769386599999820e+01,-3.413704641999999723e+01
1.627629489499999949e+01,-3.551733411699999721e+01,-3.401927650999999742e+01
1.629631481499999879e+01,-3.426812507399999674e+01,-3.367341482799999852e+01
1.631633473500000164e+01,-3.338436680600000273e+01,-3.361686381900000242e+01
1.633635465500000095e+01,-3.254518468999999925e+01,-3.328234382099999777e+01
1.635637457500000025e+01,-3.179754549900000171e+01,-3.299325688900000131e+01
1.637639449399999947e+01,-3.147914400899999876e+01,-3.296910085799999734e+01
1.639641441399999877e+01,-3.108088886899999892e+01,-3.304164893800000158e+01
1.641643433400000163e+01,-3.067277575600000006e+01,-3.323692220800000285e+01
1.643645425400000093e+01,-3.040487277700000135e+01,-3.313407690900000091e+01
1.645647417400000023e+01,-3.040027412599999934e+01,-3.302498600799999906e+01
1.647649409399999954e+01,-2.998312191999999854e+01,-3.275785740599999940e+01
1.649651401399999884e+01,-2.967980225299999830e+01,-3.242908290300000118e+01
1.651653393400000169e+01,-2.955507336499999838e+01,-3.197295952500000027e+01
1.653655385400000100e+01,-2.918605635799999831e+01,-3.145319620000000072e+01
1.655657377400000030e+01,-2.884105831400000142e+01,-3.084142510399999892e+01
1.657659369399999960e+01,-2.851098918599999976e+01,-3.013890771200000174e+01
1.659661361399999890e+01,-2.813169560500000088e+01,-2.926894879099999969e+01
1.661663353400000176e+01,-2.775516545700000037e+01,-2.870847498999999914e+01
1.663665345300000098e+01,-2.743455423900000056e+01,-2.823574445299999880e+01
1.665667337300000028e+01,-2.708033432399999896e+01,-2.768127780400000049e+01
1.667669329299999958e+01,-2.675594205100000167e+01,-2.708438161600000171e+01
1.669671321299999889e+01,-2.668644609200000062e+01,-2.685576831999999925e+01
1.671673313300000174e+01,-2.664805376500000023e+01,-2.652835949700000029e+01
1.673675305300000105e+01,-2.669540408900000017e+01,-2.618772896300000141e+01
1.675677297300000035e+01,-2.684142515199999934e+01,-2.609551487599999930e+01
1.677679289299999965e+01,-2.709855911200000023e+01,-2.598698796200000061e+01
1.679681281299999895e+01,-2.722404826700000058e+01,-2.575637920200000153e+01
1.681683273299999826e+01,-2.749052215100000041e+01,-2.571279501100000076e+01
1.683685265300000111e+01,-2.757372438100000167e+01,-2.561244780999999904e+01
1.685687257300000041e+01,-2.742332028399999899e+01,-2.550436537899999934e+01
1.687689249199999963e+01,-2.725716166300000154e+01,-2.548070906799999946e+01
1.689691241199999894e+01,-2.718309381499999944e+01,-2.554803340599999828e+01
1.691693233199999824e+01,-2.690993376699999828e+01,-2.554868743300000133e+01
1.693695225200000110e+01,-2.665673561199999853e+01,-2.561344498300000083e+01
1.695697217200000040e+01,-2.660345753900000076e+01,-2.566201811899999896e+01
1.697699209199999970e+01,-2.645771074700000014e+01,-2.549162491899999949e+01
1.699701201199999900e+01,-2.623973066199999948e+01,-2.538560258600000097e+01
1.701703193199999831e+01,-2.619578599500000138e+01,-2.524240110299999884e+01
1.703705185200000116e+01,-2.619079397899999861e+01,-2.506201547699999921e+01
1.705707177200000046e+01,-2.599372309099999967e+01,-2.491103115599999995e+01
1.707709169199999977e+01,-2.576608803499999922e+01,-2.484577274999999830e+01
1.709711161199999907e+01,-2.554158821900000120e+01,-2.471312138600000097e+01
1.711713153199999837e+01,-2.532878368300000105e+01,-2.463235424300000176e+01
1.713715145100000115e+01,-2.546068108100000060e+01,-2.483681490800000091e+01
1.715717137100000045e+01,-2.542341206400000075e+01,-2.527997406200000086e+01
1.717719129099999975e+01,-2.526508186999999950e+01,-2.540762075299999978e+01
1.719721121099999905e+01,-2.508704307500000041e+01,-2.570695463199999864e+01
1.721723113099999836e+01,-2.476844093100000066e+01,-2.614860681700000100e+01
1.723725105100000121e+01,-2.447062019299999847e+01,-2.646956195399999956e+01
1.725727097100000051e+01,-2.409268281199999961e+01,-2.679370100099999874e+01
1.727729089099999982e+01,-2.377191965600000145e+01,-2.715889357400000037e+01
1.729731081099999912e+01,-2.347464668399999965e+01,-2.738517990400000102e+01
1.731733073099999842e+01,-2.327719642699999980e+01,-2.771124521799999840e+01
1.733735065100000128e+01,-2.321006329700000137e+01,-2.809928137500000034e+01
1.735737057100000058e+01,-2.313999347900000103e+01,-2.832822195399999998e+01
1.737739048999999980e+01,-2.301564199899999963e+01,-2.842228847799999869e+01
1.739741040999999910e+01,-2.295018935999999954e+01,-2.871089046499999853e+01
1.741743032999999841e+01,-2.285116845800000007e+01,-2.859630045300000134e+01
1.743745025000000126e+01,-2.276798178199999967e+01,-2.817913559100000143e+01
1.745747017000000056e+01,-2.274215367100000051e+01,-2.782655583800000088e+01
1.747749008999999987e+01,-2.269593409599999845e+01,-2.744248075200000159e+01
1.749751000999999917e+01,-2.262516349599999899e+01,-2.690598858999999976e+01
1.751752992999999847e+01,-2.256631060899999852e+01,-2.664442162299999950e+01
1.753754985000000133e+01,-2.248087711599999849e+01,-2.623775601599999874e+01
1.755756977000000063e+01,-2.240806334899999896e+01,-2.584668331900000027e+01
1.757758968999999993e+01,-2.241225959300000170e+01,-2.561464523500000112e+01
1.759760960999999924e+01,-2.237470080099999947e+01,-2.531791773000000134e+01
1.761762952999999854e+01,-2.221607863399999871e+01,-2.497851353800000140e+01
1.763764944900000131e+01,-2.211462609299999826e+01,-2.460966961100000105e+01
1.765766936900000061e+01,-2.205277766300000053e+01,-2.431811458099999967e+01
1.767768928899999992e+01,-2.199596744700000173e+01,-2.405296829499999944e+01
1.769770920899999922e+01,-2.179798410100000083e+01,-2.388572397400000114e+01
1.771772912899999852e+01,-2.172453512299999900e+01,-2.368887426799999929e+01
1.773774904900000138e+01,-2.156570621399999865e+01,-2.355606803699999929e+01
1.775776896900000068e+01,-2.141703382100000042e+01,-2.361405889399999936e+01
1.777778888899999998e+01,-2.122392755499999950e+01,-2.379356286499999840e+01
1.779780880899999929e+01,-2.104273835900000122e+01,-2.377184617800000055e+01
1.781782872899999859e+01,-2.086704444200000097e+01,-2.377679218000000105e+01
1.783784864900000144e+01,-2.091678367500000135e+01,-2.391360468499999925e+01
1.785786856900000075e+01,-2.088932730000000149e+01,-2.411454008999999843e+01
1.787788848799999997e+01,-2.078749276199999940e+01,-2.408409885900000091e+01
1.789790840799999927e+01,-2.088889016499999940e+01,-2.407425878300000122e+01
1.791792832799999857e+01,-2.101449961999999871e+01,-2.418870189400000115e+01
1.793794824800000143e+01,-2.093992397199999900e+01,-2.430376524900000135e+01
1.795796816800000073e+01,-2.091776341199999933e+01,-2.447522304199999965e+01
1.797798808800000003e+01,-2.103691999000000123e+01,-2.463109716099999957e+01
1.799800800799999934e+01,-2.105493374599999967e+01,-2.485586526999999890e+01
1.801802792799999864e+01,-2.100102048700000168e+01,-2.530038924200000139e+01
1.803804784800000149e+01,-2.115072475199999857e+01,-2.580621070400000150e+01
1.805806776800000080e+01,-2.121226649300000133e+01,-2.590329089999999823e+01
1.807808768800000010e+01,-2.120541062499999896e+01,-2.611821645099999856e+01
1.809810760799999940e+01,-2.130410800599999988e+01,-2.635798449600000026e+01
1.811812752799999870e+01,-2.130671618999999950e+01,-2.654767470999999901e+01
1.813814744700000148e+01,-2.140520183399999965e+01,-2.652266897799999867e+01
1.815816736700000078e+01,-2.155307196400000080e+01,-2.666697744400000047e+01
1.817818728700000008e+01,-2.169695417300000173e+01,-2.670967887000000118e+01
1.819820720699999939e+01,-2.169404614400000142e+01,-2.673384808599999829e+01
1.821822712699999869e+01,-2.191108976900000016e+01,-2.686830585399999904e+01
1.823824704700000154e+01,-2.211100109899999921e+01,-2.692234353599999963e+01
1.825826696700000085e+01,-2.220278819500000012e+01,-2.684778619500000119e+01
1.827828688700000015e+01,-2.225314002500000043e+01,-2.717911672500000009e+01
1.829830680699999945e+01,-2.231686817399999967e+01,-2.753327648599999833e+01
1.831832672699999875e+01,-2.214082685099999992e+01,-2.777329135400000126e+01
1.833834664700000161e+01,-2.200699567399999879e+01,-2.820431847000000047e+01
1.835836656700000091e+01,-2.197580061900000103e+01,-2.889688221799999823e+01
1.837838648600000013e+01,-2.186846352299999907e+01,-2.979309428599999876e+01
1.839840640599999944e+01,-2.178418840999999873e+01,-3.085819246100000157e+01
1.841842632599999874e+01,-2.183445231500000006e+01,-3.216243468100000058e+01
1.843844624600000159e+01,-2.180381373299999836e+01,-3.368871800000000150e+01
1.845846616600000090e+01,-2.171181565899999910e+01,-3.541350512700000053e+01
1.847848608600000020e+01,-2.180639514099999943e+01,-3.714404655799999944e+01
1.849850600599999950e+01,-2.177126922700000122e+01,-3.741642653499999938e+01
1.851852592599999880e+01,-2.181770464699999934e+01,-3.662804261299999808e+01
1.853854584600000166e+01,-2.202851463600000059e+01,-3.578076072199999658e+01
1.855856576600000096e+01,-2.215135024900000005e+01,-3.440350346299999984e+01
1.857858568600000027e+01,-2.210799759000000009e+01,-3.328948270800000131e+01
1.859860560599999957e+01,-2.225989644999999939e+01,-3.236294807800000228e+01
1.861862552599999887e+01,-2.229579406199999880e+01,-3.183524558899999946e+01
1.863864544500000164e+01,-2.210819542300000151e+01,-3.119387125600000132e+01
1.865866536500000095e+01,-2.210467801300000090e+01,-3.105832173499999982e+01
1.867868528500000025e+01,-2.210330547399999901e+01,-3.073438016900000136e+01
1.869870520499999955e+01,-2.193563435000000084e+01,-3.024123193400000176e+01
1.871872512499999885e+01,-2.189661442399999913e+01,-2.996315299400000143e+01
1.873874504500000171e+01,-2.204737977499999957e+01,-2.964258835300000072e+01
1.875876496500000101e+01,-2.217082713900000002e+01,-2.887614854999999991e+01
1.877878488500000032e+01,-2.235251500700000094e+01,-2.839012216800000132e+01
1.879880480499999962e+01,-2.270919429499999964e+01,-2.830525069500000157e+01
1.881882472499999892e+01,-2.286157795900000167e+01,-2.799291649699999951e+01
1.883884464500000178e+01,-2.300721255299999868e+01,-2.774479061599999952e+01
1.885886456500000108e+01,-2.333764156200000173e+01,-2.794143657200000064e+01
1.887888448400000030e+01,-2.348367029099999925e+01,-2.786421662600000104e+01
1.889890440399999960e+01,-2.357704549500000013e+01,-2.779219721799999832e+01
1.891892432399999890e+01,-2.386658407799999893e+01,-2.808073392700000070e+01
1.893894424400000176e+01,-2.412332571800000025e+01,-2.820203779899999930e+01
1.895896416400000106e+01,-2.423334762500000039e+01,-2.829078327499999901e+01
1.897898408400000037e+01,-2.462154337899999845e+01,-2.859329889300000005e+01
1.899900400399999967e+01,-2.504410915500000101e+01,-2.904032337499999983e+01
1.901902392399999897e+01,-2.526836869399999941e+01,-2.956216216199999991e+01
1.903904384399999827e+01,-2.578047507799999849e+01,-3.061730184299999991e+01
1.905906376400000113e+01,-2.658198102600000112e+01,-3.165775662000000068e+01
1.907908368400000043e+01,-2.716413934699999899e+01,-3.294272903600000291e+01
1.909910360399999973e+01,-2.785110742799999883e+01,-3.451423434499999843e+01
1.911912352399999904e+01,-2.870775951899999967e+01,-3.523570489099999747e+01
1.913914344299999826e+01,-2.915298913299999839e+01,-3.479184447099999744e+01
1.915916336300000111e+01,-2.966293084899999855e+01,-3.395296271099999785e+01
1.917918328300000042e+01,-3.011242926599999947e+01,-3.307186551899999927e+01
1.919920320299999972e+01,-3.047071933499999830e+01,-3.196642181700000052e+01
1.921922312299999902e+01,-3.034517717499999989e+01,-3.151316188699999898e+01
1.923924304299999832e+01,-3.055645652100000120e+01,-3.125523638499999990e+01
1.925926296300000118e+01,-3.049956828999999914e+01,-3.116679686499999846e+01
1.927928288300000048e+01,-3.041396225100000095e+01,-3.102240626000000034e+01
1.929930280299999978e+01,-3.078766767400000148e+01,-3.130943650900000108e+01
1.931932272299999909e+01,-3.113914152699999960e+01,-3.142675472299999839e+01
1.933934264299999839e+01,-3.174445621699999975e+01,-3.167902721500000141e+01
1.935936256300000124e+01,-3.244105009700000153e+01,-3.251880118900000127e+01
1.937938248200000046e+01,-3.293938742000000275e+01,-3.332293158499999919e+01
1.939940240199999977e+01,-3.277523622199999664e+01,-3.377963679799999852e+01
1.941942232199999907e+01,-3.238712265299999871e+01,-3.517159588100000178e+01
1.943944224199999837e+01,-3.178584395600000079e+01,-3.698381997900000329e+01
1.945946216200000123e+01,-3.092091642100000115e+01,-3.838478664299999821e+01
1.947948208200000053e+01,-3.030502135600000102e+01,-4.047094993299999999e+01
1.949950200199999983e+01,-3.004389085600000087e+01,-4.323915264299999706e+01
1.951952192199999914e+01,-2.971062428200000127e+01,-4.611318866799999938e+01
1.953954184199999844e+01,-2.950526195999999857e+01,-4.893499165800000128e+01
1.955956176200000129e+01,-2.962368430400000108e+01,-5.149196801000000079e+01
1.957958168200000060e+01,-2.967661239299999920e+01,-4.856028626700000217e+01
1.959960160199999990e+01,-2.995479231699999900e+01,-4.585813923700000316e+01
1.961962152199999920e+01,-3.046099610399999946e+01,-4.372244622000000192e+01
1.963964144099999842e+01,-3.099066211899999956e+01,-4.286892485700000321e+01
1.965966136100000128e+01,-3.148229862799999879e+01,-4.152383849499999968e+01
1.967968128100000058e+01,-3.244229013300000020e+01,-4.085505602900000355e+01
1.969970120099999988e+01,-3.328669620299999821e+01,-4.044762953699999741e+01
1.971972112099999919e+01,-3.382727790100000220e+01,-4.063833717100000342e+01
1.973974104099999849e+01,-3.451385246000000251e+01,-4.083279882600000121e+01
1.975976096100000134e+01,-3.504068547499999653e+01,-4.096659478400000154e+01
1.977978088100000065e+01,-3.517760355200000078e+01,-4.155021726100000024e+01
1.979980080099999995e+01,-3.525899835500000279e+01,-4.231353249299999675e+01
1.981982072099999925e+01,-3.528992886099999993e+01,-4.321996410599999905e+01
1.983984064099999856e+01,-3.523635865699999670e+01,-4.427890085100000306e+01
1.985986056100000141e+01,-3.495517361899999997e+01,-4.484502352300000183e+01
1.987988048000000063e+01,-3.469298979900000290e+01,-4.565500534299999913e+01
1.989990039999999993e+01,-3.434850316899999711e+01,-4.830581793900000065e+01
1.991992031999999924e+01,-3.367324459299999972e+01,-4.914745844699999822e+01
1.993994023999999854e+01,-3.321520253199999928e+01,-4.965500929499999927e+01
1.995996016000000139e+01,-3.280621513599999872e+01,-4.964964079899999660e+01
1.997998008000000070e+01,-3.269335934000000066e+01,-5.041872850600000078e+01
2.000000000000000000e+01,-3.259521494100000183e+01,-5.028153471499999938e+01
